Actual,Predictions
194.474121,196.8979
201.095901,196.5424
204.8479,198.38