Actual,Predicted
15.371234,15.071842
15.02358,14.960165
15.029789,14.542423
15.265697,15.60117
15.371234,15.071842
15.02358,14.960165
15.029789,14.542423
15.265697,15.60117